dataset	nb_files	time_1	time_2
7t_trt	569	6.088884e+00	7.812721e+00
asl001	4	2.439650e-01	9.621600e-02
asl002	5	1.000830e-01	8.059100e-02
