dataset	nb_files	time_1	time_2
7t_trt	569	5.671360e+00	5.184902e+00
asl001	4	7.542100e-02	6.653400e-02
asl002	5	7.502500e-02	7.231100e-02
