dataset	nb_files	time_1	time_2
7t_trt	569	4.989284e+00	4.511888e+00
asl001	4	6.465800e-02	6.138800e-02
asl002	5	6.967800e-02	6.411100e-02
